Index,EAFE,GSCI,NAREIT,SP500,US10YR
1971-12-31,117.415,144.75,101.2204,111.62,100
1972-01-31,124.253,144.35,102.1816,114.71,99.00984253
1972-02-29,132.409,146.26,102.4396,115.66,99.87974585
1972-03-31,136.776,150.54,102.7006,116.44,99.79160772
1972-04-30,140.059,154.06,101.153,118.74,100.1530947
1972-05-31,144.615,158.14,101.16,116.43,101.3342437
1972-06-30,140.785,156.71,104.0177,116.98,101.0968339
1972-07-31,148.39,166.07,102.8384,121.29,101.83923
1972-08-31,150.05,178.64,105.8875,120.99,100.130314
1972-09-30,145.169,176.83,108.9015,122.42,99.79444559
1972-10-31,146.706,183.79,111.2127,128.32,101.2849659
1972-11-30,156.375,198.49,111.1925,130.14,102.7925216
1972-12-31,161.561,205.27,111.5731,128.2,102.355389
1973-01-31,164.348,214.17,104.3915,123.68,101.9369596
1973-02-28,177.943,209.07,106.0512,123.78,101.7564724
1973-03-31,179.071,221.69,101.937,119.04,101.6609626
1973-04-30,169.046,262.12,97.8248,117.11,102.4507255
1973-05-31,173.165,257.68,98.7217,116.64,101.3435789
1973-06-30,177.458,324.09,100.8666,121.38,101.8566526
1973-07-31,175.28,332.06,94.2776,117.24,98.96832964
1973-08-31,166.387,315.38,101.6748,122.25,100.8323651
1973-09-30,165.286,298.56,102.9218,122.45,103.9598654
1973-10-31,168.861,314.19,88.4833,108.87,105.9793308
1973-11-30,144.578,347.27,80.9296,111.02,106.7246301
1973-12-31,138.673,386.02,83.4418,110.23,105.7203409
1974-01-31,139.62,383.97,87.2566,110.15,105.5772452
1974-02-28,144.271,339.78,84.0502,107.89,106.1181493
1974-03-31,140.555,343.54,73.7677,104.02,103.7779498
1974-04-30,144.349,320.3,69.5952,100.88,102.6296181
1974-05-31,138.737,360.07,63.1992,99.73,104.2817934
1974-06-30,132.476,445.88,62.1874,92.33,104.0715562
1974-07-31,125.79,424.01,51.0338,84.36,102.9581809
1974-08-31,112.856,475.31,52.7555,74.64,102.1039822
1974-09-30,104.696,518.09,57.4484,87.19,103.9762351
1974-10-31,105.654,528.17,51.4296,82.93,105.7335519
1974-11-30,109.043,484.49,46.7517,81.64,107.5146401
1974-12-31,107.96,408.74,61.1572,92.02,109.9993932
1975-01-31,127.257,366.18,58.3383,97.89,109.6858445
1975-02-28,144.063,397.12,63.5579,100.38,110.9083596
1975-03-31,142.545,378.8,60.1148,105.49,107.4561243
1975-04-30,149.308,373.11,62.1589,110.52,106.013364
1975-05-31,148.207,379.26,66.1275,115.79,108.6883987
1975-06-30,142.461,408.96,66.2798,108.34,110.0082922
1975-07-31,136.615,448.24,65.3221,106.43,108.9603627
1975-08-31,136.433,453.35,60.3252,103.11,109.558328
1975-09-30,130.25,416.9,59.4963,109.85,108.4143375
1975-10-31,141.505,411.82,60.3347,112.95,113.3948922
1975-11-30,144.882,401.05,63.7397,112.03,112.3816747
1975-12-31,148.016,381.86,73.0285,125.67,116.0758978
1976-01-31,155.855,403.7,75.8838,124.61,116.5083222
1976-02-29,154.68,404.53,75.209,128.81,117.5054848
1976-03-31,152.083,420.1,75.7567,127.81,119.1576967
1976-04-30,151.399,427.7,74.2492,126.39,119.8361842
1976-05-31,147.312,420.56,75.275,131.99,118.2373037
1976-06-30,149.792,383.33,77.6142,131.36,119.8297664
1976-07-31,148.046,372.55,79.9105,131.12,120.6146514
1976-08-31,148.146,335.73,82.5808,134.5,123.0682213
1976-09-30,145.602,331.59,83.6161,132,124.7919628
1976-10-31,136.324,336.32,87.2392,131.46,126.7079309
1976-11-30,138.006,353.23,94.9554,138.84,131.1800419
1976-12-31,153.551,352.29,96.6758,132.27,133.8261497
1977-01-31,152.66,351.42,96.2348,129.86,129.0769612
1977-02-28,156.049,364.21,96.58,128.5,129.4236755
1977-03-31,156.558,383.26,100.1092,129.03,130.4978245
1977-04-30,161.153,370.1,98.9791,126.5,131.0322126
1977-05-31,160.507,361.14,104.0307,132.75,132.4862025
1977-06-30,164.115,330.39,107.4802,131.1,134.979789
1977-07-31,161.667,333.63,108.6597,128.85,133.7197435
1977-08-31,168.83,345.8,106.9658,129.05,135.8597305
1977-09-30,173.87,355.75,105.7744,124.02,135.4522836
1977-10-31,178.249,370.87,112.8167,127.94,134.3236016
1977-11-30,176.773,389.86,113.0696,128.9,135.8281651
1977-12-31,183.378,402.43,109.4378,121.5,134.5398525
1978-01-31,185.78,408.77,110.682,119.04,133.9459965
1978-02-28,187.965,450.97,114.952,122.54,133.9240197
1978-03-31,201.713,460.66,115.5646,133.59,133.8272374
1978-04-30,200.31,495.79,113.5246,134.82,133.9266196
1978-05-31,204.467,449.49,113.2464,132.96,133.2387555
1978-06-30,213.757,461.74,116.1884,140.72,132.4122007
1978-07-31,232.444,474.34,121.0955,144.95,133.8898961
1978-08-31,237.232,501.02,122.7455,144.49,136.3647482
1978-09-30,244.38,506.05,109.8135,131.89,135.7817855
1978-10-31,258.529,519.15,110.5009,134.72,133.2129424
1978-11-30,234.568,513.08,111.2146,137.37,135.0789959
1978-12-31,246.278,550.09,119.7198,143.46,133.5458562
1979-01-31,247.841,582.29,119.4618,138.85,136.304482
1979-02-28,246.604,571.95,128.9624,147.13,135.3856724
1979-03-31,252.371,606.17,130.9121,148.06,136.9458866
1979-04-30,251.438,577.61,130.7307,144.84,135.8806175
1979-05-31,246.267,585.34,140.8891,151.14,139.494762
1979-06-30,250.721,560.91,144.4877,153.17,142.8341316
1979-07-31,253.72,625.51,159.0459,162.01,142.0262233
1979-08-31,259.893,652.39,154.5942,162.7,140.9906326
1979-09-30,271.362,631.74,136.904,152.28,140.2773207
1979-10-31,249.76,675.53,144.0734,159.52,130.5296601
1979-11-30,252.921,686.56,145.164,162.93,134.4162365
1979-12-31,261.505,727.92,155.1572,173.06,135.9917917
1980-01-31,274.173,721.19,153.3487,173.05,130.6986755
1980-02-29,273.073,620.39,132.9331,156.22,120.3367969
1980-03-31,244.082,643.38,144.1936,163.45,122.1502609
1980-04-30,267.178,682.5,155.2354,171.86,137.2919311
1980-05-31,279.649,720.92,164.2438,177.3,142.8387079
1980-06-30,297.509,755.15,177.3552,189.63,145.4769913
1980-07-31,296.037,767.3,181.1793,191.55,140.8195778
1980-08-31,306.32,810.18,177.974,197.19,135.58596
1980-09-30,317.047,835.6,192.1031,201.18,134.4674099
1980-10-31,330.402,824,190.1321,222.61,131.255824
1980-11-30,323.738,762.66,185.8382,215.89,130.7180075
1980-12-31,325.389,714.2,189.318,206.86,134.2396085
1981-01-31,320.948,693.47,190.5593,210.45,133.7579852
1981-02-28,316.701,692.3,201.9993,218.87,129.7391283
1981-03-31,328.147,682.85,204.9757,214.64,133.3238303
1981-04-30,337.058,686.55,195.5973,215.19,127.8928966
1981-05-31,322.872,642.93,203.4001,213.84,133.609582
1981-06-30,325.175,672.16,204.5753,214.28,132.5515881
1981-07-31,312.035,650.09,193.8616,201.91,128.541795
1981-08-31,319.419,649.26,183.0948,191.96,125.3404507
1981-09-30,287.693,651.22,192.552,202.32,124.2889925
1981-10-31,292.477,621.87,204.8402,210.67,133.7025075
1981-11-30,325.029,587.18,201.775,205.26,146.3218468
1981-12-31,322.03,634.12,199.9741,202.59,141.3313133
1982-01-31,319.915,619.87,195.8737,191.26,141.786797
1982-02-28,299.57,642.99,196.9084,190.26,144.2824987
1982-03-31,285.041,666.17,201.8058,198.86,144.8312626
1982-04-30,303.578,667.68,199.8234,192.08,148.9323751
1982-05-31,299.643,647.59,192.4777,189.2,151.9300425
1982-06-30,277.265,661.66,200.1192,185.83,147.891535
1982-07-31,274.065,660.17,214.2506,208.39,155.6980855
1982-08-31,274.242,640.87,224.508,210.99,164.9903467
1982-09-30,272.512,637.15,249.1392,235.27,177.0806955
1982-10-31,273.676,662.58,260.9918,244.77,189.7318934
1982-11-30,295.659,655.05,265.6247,249.49,190.510627
1982-12-31,319.265,659.62,271.7101,258.77,197.2495511
1983-01-31,316.575,652.08,279.045,264.7,193.7249024
1983-02-28,325.398,696.02,302.2679,274.48,201.7915835
1983-03-31,338.103,702.84,318.2272,296.1,199.2324638
1983-04-30,357.471,706.54,318.4414,293.53,205.2900542
1983-05-31,355.788,715.59,315.5356,304.95,200.3725991
1983-06-30,363.972,740.79,311.2202,295.95,200.3792821
1983-07-31,364.884,753.78,308.8212,300.4,192.9285052
1983-08-31,359.133,733.3,315.7139,304.54,192.3837552
1983-09-30,373.162,724.35,323.6641,301.02,200.3983214
1983-10-31,372.931,724.98,328.3046,307.37,198.8252733
1983-11-30,381.876,761.53,333.2762,305.77,202.0434164
1983-12-31,397.839,769.52,337.638,304.06,201.7844612
1984-01-31,415.705,773.2,332.4006,293.36,205.5308621
1984-02-29,419.578,811.16,334.7151,298.44,203.1767188
1984-03-31,459.091,802.04,338.9434,301.27,199.6280864
1984-04-30,451.593,825.33,329.3748,284.6,198.5010502
1984-05-31,405.869,806.68,330.2104,290.78,189.1234897
1984-06-30,405.505,752.5,327.7952,287.17,192.0212002
1984-07-31,379.642,784.8,343.787,318.89,204.1068691
1984-08-31,411.946,778.64,361.7206,318.96,207.6630502
1984-09-30,408.449,782.2,372.6693,320.19,213.6147173
1984-10-31,418.804,785.17,377.418,316.61,224.2340896
1984-11-30,420.528,769.53,382.6522,324.95,229.1835859
1984-12-31,429.126,779.24,404.3078,350.27,231.796703
1985-01-31,438.908,769.01,410.9628,354.56,239.2523899
1985-02-28,436.447,802.25,408.1961,354.79,231.2915704
1985-03-31,470.444,776.3,408.574,354.46,237.0844288
1985-04-30,468.979,776.22,419.6971,374.94,242.7279601
1985-05-31,489.052,753.6,429.4359,380.81,261.9203884
1985-06-30,501.767,736.66,433.3975,380.26,264.6484895
1985-07-31,527.844,747.69,409.7028,377.01,261.758866
1985-08-31,544.96,790.21,396.9438,365.22,268.7374533
1985-09-30,577.023,847.43,409.4129,382.09,270.5439699
1985-10-31,616.459,862.18,402.8288,408.29,277.9220101
1985-11-30,641.95,846.58,405.3049,428.05,287.6394411
1985-12-31,672.543,769.77,420.9676,430.43,300.9721579
1986-01-31,689.599,742.95,436.8983,462.61,301.6693741
1986-02-28,766.2,741.3,447.6463,488.42,323.3075448
1986-03-31,874.157,783.06,450.3266,482.92,342.1971132
1986-04-30,931.632,753.66,447.7585,508.61,344.5434332
1986-05-31,890.422,782.16,463.5227,517.21,331.0163583
1986-06-30,951.362,789.71,465.6152,488.28,349.4391223
1986-07-31,1010.254,857.51,485.0305,524.49,351.8238885
1986-08-31,1110.08,835.84,473.4014,481.13,363.7448003
1986-09-30,1098.944,844.64,490.8899,508.87,353.1911266
1986-10-31,1025.779,870.21,488.1652,521.24,358.1016942
1986-11-30,1085.135,863.89,483.0256,507.94,365.092656
1986-12-31,1142.915,913.31,493.3509,576.34,365.2146568
1987-01-31,1264.556,858.47,508.4696,599.11,368.7017364
1987-02-28,1302.724,927.82,509.4032,616.4,370.6481295
1987-03-31,1409.793,974.43,495.5903,610.92,364.634663
1987-04-30,1559.21,1019.42,490.872,616.22,349.7385925
1987-05-31,1559.49,1055.85,500.6364,647.34,345.6214136
1987-06-30,1510.091,1102.97,501.1307,680.13,350.6062851
1987-07-31,1507.718,1080.63,491.607,705.51,346.5768718
1987-08-31,1621.081,1088.6,481.5194,690.04,341.4165518
1987-09-30,1595.857,1100.05,412.7525,541.43,330.3662004
1987-10-31,1372.544,1099.82,416.6929,496.82,349.2112054
1987-11-30,1386.374,1069.27,431.4937,534.61,349.2967414
1987-12-31,1427.882,1097.69,467.0252,557.1,355.5741387
1988-01-31,1453.699,1085.56,478.2822,583.07,371.8008637
1988-02-29,1550.973,1140.29,479.2381,565.05,376.8678535
1988-03-31,1646.63,1175.63,483.1831,571.3,369.194548
1988-04-30,1670.863,1217.15,477.6453,576.24,364.5892301
1988-05-31,1617.675,1183.15,490.0158,602.69,359.5288839
1988-06-30,1575.368,1190.15,496.213,600.4,371.2377212
1988-07-31,1625.118,1182.11,493.0586,580.02,366.7626815
1988-08-31,1519.773,1149.83,491.369,604.73,366.4833749
1988-09-30,1586.482,1205.49,487.718,621.57,378.4141654
1988-10-31,1722.598,1274.76,479.9109,612.71,386.7070688
1988-11-30,1825.569,1367.97,480.4916,623.4,379.2127457
1988-12-31,1836.072,1373.6,482.6922,669.05,380.1152594
1989-01-31,1868.754,1432.68,474.7114,652.38,386.2219346
1989-02-28,1878.721,1529.34,474.5768,667.6,381.4440771
1989-03-31,1842.209,1577.91,482.5201,702.26,384.8962576
1989-04-30,1859.659,1557.74,493.994,730.67,394.8801719
1989-05-31,1758.804,1612.21,498.3045,726.53,408.8207867
1989-06-30,1729.588,1566.91,510.1505,792.12,425.574505
1989-07-31,1947.143,1621.35,510.6457,807.61,436.6062915
1989-08-31,1859.935,1717.92,504.6097,804.33,426.5510524
1989-09-30,1945,1705.83,483.764,785.66,428.0580924
1989-10-31,1867.234,1733.35,477.2107,801.68,442.4026417
1989-11-30,1961.482,1891.64,471.7776,820.93,447.7437157
1989-12-31,2034.327,1883.36,461.2588,765.82,447.9232064
1990-01-31,1959.045,1877.21,445.4384,775.68,435.95553
1990-02-28,1822.729,1890.95,446.1766,796.23,436.7016322
1990-03-31,1633.218,1871.12,439.3343,776.37,435.7625568
1990-04-30,1620.691,1857.3,439.1865,852.07,427.8731837
1990-05-31,1806.109,1828.55,442.5381,846.32,443.5518479
1990-06-30,1790.634,1979.47,434.576,843.61,451.756523
1990-07-31,1816.319,2307.85,408.0444,767.35,457.0443599
1990-08-31,1640.431,2837.27,379.7577,730.01,445.2799254
1990-09-30,1412.291,2665.57,366.4587,726.9,449.7347011
1990-10-31,1632.806,2490.6,389.7987,773.89,458.0873934
1990-11-30,1536.955,2441.68,389.9474,795.45,473.3865148
1990-12-31,1562.452,2212.46,424.1153,830.09,482.4126251
1991-01-31,1613.428,2243.23,444.9818,889.45,487.2971506
1991-02-28,1786.86,2327.67,478.8988,910.99,490.8886966
1991-03-31,1680.021,2380.39,490.2802,913.15,493.1713343
1991-04-30,1697.008,2379.17,501.8455,952.54,497.4837996
1991-05-31,1715.216,2322.83,488.8446,908.9,499.460519
1991-06-30,1589.629,2441.43,498.2704,951.27,496.7727045
1991-07-31,1668.162,2479.07,498.5736,973.8,501.5217892
1991-08-31,1634.693,2498.64,508.1957,957.51,517.9980925
1991-09-30,1727.313,2570.31,505.0614,970.38,533.9828874
1991-10-31,1752.232,2466.49,505.176,931.28,537.3069309
1991-11-30,1670.895,2291.9,529.0771,1037.79,544.0284777
1991-12-31,1757.709,2354.91,555.2715,1018.45,573.6094243
1992-01-31,1720.68,2329.08,542.3806,1031.64,552.7081507
1992-02-29,1659.565,2355.11,534.3143,1011.57,557.6265328
1992-03-31,1550.467,2425.68,535.5074,1041.28,550.5663277
1992-04-30,1558.23,2490.85,552.7507,1046.38,551.3620491
1992-05-31,1663.01,2477.12,546.0543,1030.81,565.6632657
1992-06-30,1584.682,2442.6,564.5295,1072.92,576.705008
1992-07-31,1544.632,2445.16,559.6467,1050.96,597.562209
1992-08-31,1642.039,2473.19,572.9982,1063.31,605.2272366
1992-09-30,1610.135,2418.81,571.1243,1066.99,619.6269577
1992-10-31,1526.165,2387.88,582.2351,1103.32,603.8172012
1992-11-30,1540.995,2393.26,593.4943,1116.86,600.7904097
1992-12-31,1549.432,2422.28,631.2866,1126.2,615.0855252
1993-01-31,1549.705,2450.42,661.0367,1141.55,632.4458848
1993-02-28,1596.974,2501.49,706.9407,1165.63,652.7200417
1993-03-31,1736.642,2474.61,675.7816,1137.46,655.99996
1993-04-30,1901.931,2405.75,667.5283,1167.89,658.3230353
1993-05-31,1942.564,2330.46,687.1179,1171.31,656.2970131
1993-06-30,1912.704,2310.31,698.7247,1166.59,677.397753
1993-07-31,1980.098,2329.33,715.4845,1210.86,679.1488094
1993-08-31,2087.439,2335.26,748.124,1201.57,702.1352432
1993-09-30,2040.91,2251.36,738.7013,1226.43,708.0084345
1993-10-31,2104.254,2138.44,703.7579,1214.74,709.572682
1993-11-30,1920.762,2098.21,703.5707,1229.43,691.5118517
1993-12-31,2059.891,2269.05,724.6103,1271.22,694.8714468
1994-01-31,2234.489,2219.72,749.5574,1236.72,705.058412
1994-02-28,2228.759,2193.29,719.3824,1182.8,684.9781525
1994-03-31,2133.238,2250.73,731.0486,1197.97,658.0047395
1994-04-30,2224.224,2284.22,745.9134,1217.63,648.1986337
1994-05-31,2211.928,2340.41,729.7208,1187.78,646.9859711
1994-06-30,2243.683,2380.7,727.8749,1226.79,643.1574833
1994-07-31,2265.755,2220.25,731.9062,1277.08,657.0882535
1994-08-31,2319.896,2199.35,717.0397,1245.85,657.7475206
1994-09-30,2247.338,2209.26,690.4379,1273.84,642.1493291
1994-10-31,2322.699,2136.92,668.0049,1227.45,637.8691318
1994-11-30,2211.58,2209.27,709.2383,1245.66,637.6704039
1994-12-31,2225.946,2154.37,698.7126,1277.96,644.9273715
1995-01-31,2140.964,2171.77,721.3926,1327.77,659.8434823
1995-02-28,2135.368,2201.35,717.0865,1366.95,681.6580148
1995-03-31,2269.152,2268.75,718.7128,1407.2,686.7190589
1995-04-30,2355.097,2249.6,751.0687,1463.44,697.1609145
1995-05-31,2327.63,2209.46,764.3943,1497.43,740.6369318
1995-06-30,2287.429,2267.16,776.3364,1547.09,749.434015
1995-07-31,2430.458,2315.22,787.8896,1550.98,740.2119296
1995-08-31,2338.335,2325,802.3072,1616.44,753.4275446
1995-09-30,2384.611,2348.4,787.5459,1610.66,763.4849079
1995-10-31,2321.124,2411.8,795.4458,1681.36,775.3474367
1995-11-30,2386.313,2658.46,839.0927,1713.75,794.9839383
1995-12-31,2483.068,2654.16,855.162,1772.08,809.6497105
1996-01-31,2493.853,2760.56,861.7522,1788.51,812.1879473
1996-02-29,2502.905,2940,860.515,1805.72,784.1615408
1996-03-31,2556.691,3109.74,863.3091,1832.35,776.1126763
1996-04-30,2631.652,3085.18,886.7407,1879.6,762.2967328
1996-05-31,2583.853,3204.88,898.9576,1886.77,756.1688441
1996-06-30,2599.028,3053.21,906.7001,1803.42,767.0104854
1996-07-31,2523.715,3151.53,943.5915,1841.46,767.4634727
1996-08-31,2529.896,3263.3,959.998,1945.1,763.0739132
1996-09-30,2597.744,3255.23,990.8015,1998.75,780.6752604
1996-10-31,2571.806,3526.12,1035.88,2149.83,805.0212622
1996-11-30,2674.776,3560.13,1139.098,2107.23,827.7997264
1996-12-31,2641.011,3507.79,1151.783,2238.88,809.6513509
1997-01-31,2549.193,3265.97,1152.771,2256.43,808.1141673
1997-02-28,2591.503,3321.06,1142.106,2163.72,810.7547408
1997-03-31,2601.526,3397.89,1116.073,2292.89,794.3784646
1997-04-30,2615.959,3422.19,1151.788,2432.49,810.3894093
1997-05-31,2786.838,3237.05,1207.072,2541.47,817.8493333
1997-06-30,2941.159,3369.67,1243.1949,2743.68,831.8999862
1997-07-31,2989.345,3454.89,1240.7043,2589.98,866.6956032
1997-08-31,2766.701,3542.28,1339.809,2731.82,850.74122
1997-09-30,2922.314,3639.73,1305.667,2640.58,869.0761538
1997-10-31,2698.331,3280.88,1327.804,2762.82,891.7372689
1997-11-30,2671.446,3059.17,1353.942,2810.27,894.7422848
1997-12-31,2695.362,3009.86,1347.6071,2841.36,906.515287
1998-01-31,2819.257,2811.26,1324.74,3046.29,926.0156706
1998-02-28,3000.812,2796.66,1346.589,3202.29,923.9757507
1998-03-31,3093.89,2720.4,1303.301,3234.5,924.8148257
1998-04-30,3119.083,2592.06,1292.249,3178.91,928.4866248
1998-05-31,3104.652,2500.16,1284.1949,3308.03,941.3372634
1998-06-30,3128.846,2303.62,1200.006,3272.81,954.3198082
1998-07-31,3161.262,2167.67,1075.843,2799.63,954.288338
1998-08-31,2770.313,2389.22,1144.13,2978.98,992.0415206
1998-09-30,2686.104,2277.14,1112.972,3221.29,1044.635868
1998-10-31,2966.861,2000.07,1133.2321,3416.53,1031.942763
1998-11-30,3119.593,1965.65,1099.094,3613.41,1027.793185
1998-12-31,3243.415,1974.23,1077.241,3764.51,1039.180561
1999-01-31,3234.571,1883.29,1048.316,3647.51,1042.38458
1999-02-28,3158.231,2201.42,1043.053,3793.44,995.9603568
1999-03-31,3290.827,2292.4,1144.332,3940.34,1003.418496
1999-04-30,3424.924,2167.31,1169.5129,3847.3,999.3530766
1999-05-31,3249.295,2306.7,1153.417,4060.82,982.6597756
1999-06-30,3376.725,2389.45,1111.085,3934.02,974.7468871
1999-07-31,3477.87,2557.63,1086.833,3914.55,971.46393
1999-08-31,3491.348,2693.28,1046.385,3807.24,971.9183212
1999-09-30,3527.269,2554.39,1019.386,4048.17,982.5700969
1999-10-31,3660.157,2657.75,997.9609,4130.46,978.641751
1999-11-30,3788.082,2770,1027.917,4373.73,972.004373
1999-12-31,4128.811,2970.29,1031.4091,4153.98,957.8952919
2000-01-31,3867.191,3155.86,1017.948,4075.35,947.1648599
2000-02-29,3972.026,3119.23,1050.948,4474.03,970.3986151
2000-03-31,4126.765,3090.82,1120.168,4339.43,1003.692401
2000-04-30,3910.344,3436.91,1131.8925,4250.4,993.9668804
2000-05-31,3815.607,3681.85,1161.9235,4355.18,994.7515152
2000-06-30,3965.721,3399.09,1260.6588,4287.09,1019.170603
2000-07-31,3800.234,3922.85,1210.6628,4553.38,1023.535501
2000-08-31,3833.998,3869.14,1249.5946,4312.99,1052.577785
2000-09-30,3648.073,3877.86,1196.0182,4294.76,1052.074153
2000-10-31,3562.64,4235.22,1210.2573,3956.16,1059.531213
2000-11-30,3429.802,4147.9,1294.0471,3975.52,1088.032031
2000-12-31,3552.511,3927.75,1312.8831,4116.57,1123.346437
2001-01-31,3550.836,3872.93,1295.8734,3741.22,1122.067341
2001-02-28,3284.896,3721.13,1307.675,3504.21,1150.614081
2001-03-31,3067.401,3920.97,1342.0635,3776.52,1154.43215
2001-04-30,3282.539,3809.28,1376.0632,3801.82,1122.014638
2001-05-31,3169.291,3533.71,1456.5111,3709.29,1120.163278
2001-06-30,3040.863,3542.17,1431.3167,3672.78,1126.087712
2001-07-31,2985.777,3576.03,1479.8011,3442.86,1161.780584
2001-08-31,2910.761,3184.24,1420.4906,3164.84,1186.744792
2001-09-30,2616.596,3023.67,1382.2203,3225.19,1215.099512
2001-10-31,2683.504,2861.28,1456.2135,3472.58,1249.120568
2001-11-30,2782.599,2823.35,1494.6506,3503,1206.392764
2001-12-31,2799.187,2735.26,1500.3391,3451.88,1184.029889
2002-01-31,2650.667,2854.74,1527.4956,3385.31,1189.032415
2002-02-28,2669.387,3239.61,1618.9403,3512.63,1211.758029
2002-03-31,2815.12,3275.47,1640.205,3299.67,1166.699904
2002-04-30,2835.507,3132.95,1663.9088,3275.36,1200.003089
2002-05-31,2873.973,3240.01,1709.4738,3042.05,1207.907417
2002-06-30,2760.641,3258.75,1623.1702,2804.91,1233.862987
2002-07-31,2488.321,3455.83,1622.7761,2823.33,1273.298638
2002-08-31,2483.262,3613.65,1558.6429,2516.49,1316.325836
2002-09-30,2217.192,3443.14,1487.4316,2737.98,1376.720239
2002-10-31,2336.528,3435.66,1554.8138,2899.14,1347.018538
2002-11-30,2442.872,3728.76,1572.6052,2728.82,1319.843067
2002-12-31,2360.913,4064.02,1528.7379,2657.33,1366.896372
2003-01-31,2262.53,4556.68,1553.5037,2617.46,1352.269362
2003-02-28,2210.81,3900.01,1585.6215,2642.88,1389.277224
2003-03-31,2169.029,3660.66,1661.2593,2860.57,1379.836081
2003-04-30,2384.105,4011.64,1762.951,3011.29,1377.438339
2003-05-31,2530.776,4020.44,1808.806,3049.7,1442.255722
2003-06-30,2593.412,4049.07,1903.5026,3103.47,1425.81773
2003-07-31,2656.578,4214.54,1911.694,3164,1321.902561
2003-08-31,2721.194,4042.42,1971.8676,3130.4,1331.077436
2003-09-30,2805.62,4130.98,2014.3477,3307.48,1389.417154
2003-10-31,2980.67,4236.69,2105.3372,3336.58,1352.65179
2003-11-30,3047.363,4501.27,2177.5288,3511.57,1356.445122
2003-12-31,3285.575,4518.91,2271.2092,3576.02,1369.010331
2004-01-31,3332.279,4854.23,2321.0239,3625.73,1386.093739
2004-02-29,3409.77,4951.78,2450.9436,3571.03,1410.164542
2004-03-31,3430.292,5088.35,2076.8323,3514.97,1429.936178
2004-04-30,3355.605,5323.78,2223.4985,3563.21,1358.207346
2004-05-31,3370.137,5073.56,2290.042,3632.49,1349.354295
2004-06-30,3445.348,5466.9,2291.0066,3512.27,1358.876014
2004-07-31,3334.01,5254.62,2471.5901,3526.48,1377.117696
2004-08-31,3349.489,5917.43,2476.3833,3564.67,1423.661557
2004-09-30,3437.522,6162.91,2588.9631,3619.13,1427.405713
2004-10-31,3554.949,5864.79,2709.0237,3765.56,1442.803395
2004-11-30,3798.783,5278.98,2839.7046,3893.7,1411.748345
2004-12-31,3965.613,5635.92,2615.0342,3798.79,1430.56311
2005-01-31,3893.15,5986.82,2673.2056,3878.73,1447.22991
2005-02-28,4062.258,6439.38,2624.2527,3810.05,1426.649821
2005-03-31,3961.777,5856.56,2747.031,3737.79,1415.897953
2005-04-30,3873.099,5813.64,2845.2539,3856.72,1454.425661
2005-05-31,3879.024,6150.56,2978.97,3862.2,1484.488244
2005-06-30,3932.047,6488.55,3174.6101,4005.82,1496.73647
2005-07-31,4052.836,7471.14,3039.8201,3969.27,1460.61991
2005-08-31,4156.416,7472.48,3036.7539,4001.42,1496.833977
2005-09-30,4342.375,6700.94,2953.73,3934.72,1463.339444
2005-10-31,4215.854,6443.1,3081.8701,4083.54,1441.868538
2005-11-30,4320.1,6627.92,3075.0601,4084.94,1456.567105
2005-12-31,4521.407,6915.18,3290.1201,4193.12,1473.699416
2006-01-31,4799.333,6216.45,3337.77,4204.5,1462.653343
2006-02-28,4789.503,6535.38,3504.6101,4256.83,1465.846487
2006-03-31,4949.706,6949.29,3394.99,4313.99,1435.764691
2006-04-30,5189.762,6895.81,3303.2,4189.83,1418.165359
2006-05-31,4994.462,6975.97,3468.22,4195.51,1418.663594
2006-06-30,4996.294,7115.85,3573.46,4221.39,1421.423945
2006-07-31,5046.325,6599.42,3693.51,4321.83,1445.252196
2006-08-31,5186.454,5892.85,3766.99,4433.2,1479.761684
2006-09-30,5195.479,5741.51,4000.04,4577.66,1497.334406
2006-10-31,5398.015,6058.91,4174.5,4664.71,1506.689265
2006-11-30,5560.833,5627.64,4121.1802,4730.15,1530.54341
2006-12-31,5735.743,5498.77,4445.8301,4801.68,1506.007355
2007-01-31,5774.995,5735.06,4317.2798,4707.77,1497.724248
2007-02-28,5822.434,5920.55,4208.77,4760.42,1535.923961
2007-03-31,5973.605,5904.26,4215.2202,4971.29,1530.810189
2007-04-30,6244.508,5812.55,4220.5298,5144.76,1539.169681
2007-05-31,6362.214,5999.78,3839.0601,5059.29,1512.576135
2007-06-30,6372.029,6332.53,3501.7,4902.43,1503.45373
2007-07-31,6278.868,6067.4,3692.4099,4975.91,1539.346841
2007-08-31,6182.248,6687.84,3850.8799,5162.01,1574.8981
2007-09-30,6514.178,7330.34,3882.25,5244.12,1574.600767
2007-10-31,6770.854,7059.31,3545.5701,5024.88,1594.455909
2007-11-30,6549.957,7466.3,3386.3,4990.02,1666.958005
2007-12-31,6402.91,7464.4,3371.76,4690.71,1662.955452
2008-01-31,5812.047,8304.77,3242.4199,4538.33,1719.645941
2008-02-29,5897.117,8207.26,3366.6799,4518.73,1745.03288
2008-03-31,5837.903,8860.93,3574.8899,4738.81,1761.883129
2008-04-30,6162.273,9667.6,3605.5,4800.19,1720.358884
2008-05-31,6233.993,10560,3198.01,4395.52,1685.110504
2008-06-30,5725.399,9267.7,3288.95,4358.57,1700.456061
2008-07-31,5542.113,8609.5,3350.6899,4421.61,1706.110077
2008-08-31,5318.98,7538.3,3333.52,4027.61,1734.27486
2008-09-30,4551.75,5412.6,2315.47,3351.18,1736.954943
2008-10-31,3633.501,4609.3,1814.8101,3110.72,1719.827331
2008-11-30,3438.81,3995.4,2104.9299,3143.82,1885.497098
2008-12-31,3645.936,3638.2,1759.48,2878.84,2004.286608
2009-01-31,3288.719,3416.3,1414.86,2572.31,1900.734843
2009-02-28,2952.376,3570.2,1476.26,2797.63,1880.841529
2009-03-31,3140.958,3537.4,1890.61,3065.39,1936.325474
2009-04-30,3548.076,4233.1,1929.39,3236.84,1866.520167
2009-05-31,3974.303,4257.2,1879,3243.26,1822.918624
2009-06-30,3952.861,4276.1,2072.8301,3488.58,1819.045704
2009-07-31,4314.255,4175,2332.22,3614.53,1825.918265
2009-08-31,4549.445,4182.2,2480.3401,3749.41,1849.709306
2009-09-30,4724.497,4427.8,2362.1399,3679.75,1869.01833
2009-10-31,4665.679,4495.3,2526.3101,3900.48,1858.456248
2009-11-30,4760.245,4534.2,2690.1201,3975.82,1895.302088
2009-12-31,4829.423,4176.2,2562.6599,3832.79,1800.524227
2010-01-31,4616.955,4408.4,2692.79,3951.52,1839.256961
2010-02-28,4585.758,4493.7,2944.71,4189.98,1847.884145
2010-03-31,4874.919,4618.4,3138.77,4256.13,1818.441204
2010-04-30,4790.74,4009.2,2972.3701,3916.27,1846.887802
2010-05-31,4246.167,4026,2836.8201,3711.26,1911.875365
2010-06-30,4204.858,4252.6,3092.76,3971.28,1973.006678
2010-07-31,4604.002,4017.7,3050.51,3792,1982.983612
2010-08-31,4461.688,4358.7,3187.27,4130.42,2069.938108
2010-09-30,4899.896,4470.2,3332.1001,4287.58,2063.291432
2010-10-31,5077.17,4518.6,3277.5901,4288.13,2049.610922
2010-11-30,4834.023,4943.4,3431.6201,4574.71,2022.149379
2010-12-31,5225.887,5094.3,3562.1299,4683.14,1943.10969
2011-01-31,5349.895,5285.1,3722.3201,4843.58,1928.854182
2011-02-28,5527.526,5515.1,3671.46,4845.5,1934.351416
2011-03-31,5406.146,5758.4,3847.71,4989,1931.754663
2011-04-30,5734.642,5361.7,3883.3401,4932.53,1961.815652
2011-05-31,5573.711,5077.2,3776.6899,4850.31,2012.580621
2011-06-30,5505.29,5200.9,3788.8601,4751.68,1995.444622
2011-07-31,5418.7,5104.9,3605.03,4493.56,2062.920085
2011-08-31,4930.059,4483.7,3228.5901,4177.67,2176.272111
2011-09-30,4461.867,4920.7,3653.98,4634.26,2241.403582
2011-10-31,4892.316,4990.4,3522.02,4624.02,2194.885218
2011-11-30,4656.26,4885.3,3682.29,4671.32,2216.597565
2011-12-31,4612.71,4994.3,3919.9299,4880.66,2258.631711
2012-01-31,4859.632,5297.1,3892.1899,5091.71,2274.51568
2012-02-29,5139.968,5172.6,4063.8701,5259.28,2247.184848
2012-03-31,5119.19,5146.1,4175.8101,5226.27,2200.80965
2012-04-30,5024.896,4478.2,4012.72,4912.16,2260.61288
2012-05-31,4454.41,4532,4244.8701,5114.55,2339.215892
2012-06-30,4768.428,4820.9,4345.0498,5185.59,2325.155142
2012-07-31,4823.088,5127.7,4356.4199,5302.38,2362.783265
2012-08-31,4953.131,5054.81,4320.9902,5439.41,2352.690505
2012-09-30,5101.399,4849.3,4302.3701,5338.97,2338.492046
2012-10-31,5144.258,4920.9,4275.7402,5369.94,2326.734894
2012-11-30,5269.064,4889,4408.71,5418.89,2351.459846
2012-12-31,5438.296,5102,4597.8501,5699.56,2320.325783
2013-01-31,5726.115,4878.3,4657.02,5776.93,2273.597018
2013-02-28,5673.236,4915.9,4809.98,5993.58,2304.227603
2013-03-31,5722.91,4683.3,5084.8433,6109.06,2312.040129
2013-04-30,6027.966,4613.6,4747.9727,6251.96,2351.630145
2013-05-31,5888.985,4624.4,4636.2637,6168.01,2258.186833
2013-06-30,5681.14,4851.6,4662.2778,6481.86,2190.820507
2013-07-31,5981.359,5015.4,4367.0264,6294.14,2180.082341
2013-08-31,5902.884,4845.3,4518.0078,6491.52,2150.767699
2013-09-30,6340.633,4775.4,4698.0264,6789.92,2182.050321
2013-10-31,6553.941,4738.1,4475.2646,6996.83,2200.238577
2013-11-30,6605.244,4829.5,4511.8975,7173.97,2170.546834
2013-12-31,6705.113,4750.4,4672.3398,6925.93,2121.617822
2014-01-31,6435.696,4964.6,4888.8755,7242.75,2195.455709
2014-02-28,6795.158,4971.54,4907.2305,7303.63,2202.2563
2014-03-31,6756.717,5008.4,5049.2261,7357.62,2193.733122
2014-04-30,6860.03,4999.62,5194.0352,7530.33,2210.203362
2014-05-31,6980.509,5105.46,5251.6216,7685.89,2252.093281
2014-06-30,7049.963,4835.02,5242.3813,7579.9,2246.85832
2014-07-31,6911.723,4755.75,5419.7729,7883.13,2241.753648
2014-08-31,6901.688,4469.27,5113.2227,7772.58,2292.263446
2014-09-30,6638.926,4201.84,5556.749,7962.43,2262.512112
2014-10-31,6542.744,3742.98,5686.0361,8176.57,2301.346993
2014-11-30,6632.525,3232.8,5740.4316,8155.98,2340.818587
2014-12-31,6404.509,2990.45,6067.9287,7911.14,2347.164152
2015-01-31,6436.384,3183.79,5902.8228,8365.81,2456.81862
2015-02-28,6821.877,2967.12,5962.1167,8233.5,2389.357722
2015-03-31,6724.451,3295.22,5683.5986,8312.49,2406.307903
2015-04-30,7004.415,3229.74,5673.8315,8419.38,2386.387097
2015-05-31,6976.604,3226.12,5428.6523,8256.4,2375.489565
2015-06-30,6780.922,2771.17,5692.2861,8429.38,2331.270514
2015-07-31,6922.013,2779.47,5369.7012,7920.81,2367.057042
2015-08-31,6413.541,2603.62,5468.2202,7724.82,2369.284346
2015-09-30,6090.197,2609.6,5799.021,8376.44,2405.601688
2015-10-31,6566.639,2375.62,5792.9219,8401.35,2388.210471
2015-11-30,6465.259,2170.61,5858.1436,8268.84,2381.853362
2015-12-31,6379.335,2058.38,5646.2139,7858.51,2373.525165
2016-01-31,5918.618,2016.99,5631.9727,7847.9,2448.866028
2016-02-29,5812.245,2116.44,6194.958,8380.29,2497.577616
2016-03-31,6195.506,2331.04,6094.6948,8412.78,2492.088994
2016-04-30,6381.655,2382.75,6242.5073,8563.86,2484.45165
2016-05-31,6331.648,2384.66,6662.1245,8586.05,2485.981738
2016-06-30,6121.747,2156.5,6918.7129,8902.6,2570.312273
2016-07-31,6432.497,2194.65,6695.5444,8915.1,2580.650366
2016-08-31,6437.892,2285.61,6603.6836,8916.79,2555.263223
2016-09-30,6519.887,2251.39,6284.2598,8754.14,2553.924713
2016-10-31,6386.988,2308.46,6146.9297,9078.35,2501.605274
2016-11-30,6260.544,2417.31,6407.3389,9257.79,2388.068501
2016-12-31,6475.802,,,,2375.939759